Table No,First Name,Surname,Job title ,Company ,Company Booked
1,Suzanne,Baker,Commercial Dirctor,Stonegate Pub Company,Matthew Clark
1,Rob,Beale,Purchasing Director,The Restaurant Group,Matthew Clark
1,Simon,Bower,CFO,Zenith Hygiene Group,Matthew Clark
1,Clare,Eames,Partner,Poppleston Allen,Matthew Clark
1,Ringo,Francis,CEO,Zenith Hygiene Group,Matthew Clark
1,Kim,Franklin,Manager,Franklin Pub Company,Matthew Clark
1,Kenny,Gray,Managing Director National & Accounts and London,Matthew Clark,Matthew Clark
1,Finn,O'Driscoll,CEO,Clearly Drinks,Matthew Clark
1,Nick,Smith,Commercial Director,Boparan,Matthew Clark
1,Billy,Buchanan,CEO,LT Pub Management,Matthew Clark
2,Matt,Bird,Marketing Director ,Conviviality Direct,Diageo
2,James,Davies,Head of Route to Consumer,Diageo,Diageo
2,Paul,Harbottle,Group Commercial Director.,Ei group,Diageo
2,Charles,Ireland,"General Manager GB, Ireland & France",Diageo,Diageo
2,Steve,Jebsen,Commercial Director,Conviviality Direct,Diageo
2,Andrew,Lawrence,"National Account Controller, Regional On Trade",Diageo,Diageo
2,Andrew,McQuade,"National Account Controller, National wholesale",Diageo,Diageo
2,Clare,Moscrop,Senior Category Strategy Manager,Diageo,Diageo
2,Mark,Riley,Managing Director,Bibendum Wines,Diageo
2,Melissa,Yorke,CEO,Ei group,Diageo
3,James,Armitage,Sales & Marketing Director,Ei Group,Sky
3,Nick ,Crossley,Divisional Director - Pubs Division,Mitchells & Butlers,Sky
3,Emma,Currin,Communications Manager,Sky ,Sky
3,Steven ,de Polo,Retail Concept Director ,Ei Group,Sky
3,Tracy ,Harrison,Director of Marketing & Communications,Sky ,Sky
3,Jason,Lockwood,Head of Entertainment,Greene King Pub Partners,Sky
3,Matthew,Partington,Sales Director,Sky ,Sky
3,David,Rey,Managing Director,Sky ,Sky
3,Damian,Saunders,Commercial & Strategy Director,Sky ,Sky
3,David ,Vaira,Marketing Controller,Sky ,Sky
4,Dominic,Driver,Account Manager,Morning Advertiser,William Reed
4,Chris,Duffett,Commercial Director,Morning Advertiser,William Reed
4,Suzanne,Green,Head of People Development,Admiral Taverns,William Reed
4,Chris,Lowe,Publisher,Morning Advertiser,William Reed
4,Charlotte,Monkhouse,Recruitment & Property Account Manager,Morning Advertiser,William Reed
4,Nicholas,Robinson,Food & Drink editor,Morning Advertiser,William Reed
4,Stuart,Stone,Reporter,Morning Advertiser,William Reed
4,Nikkie,Sutton,Food & Drink reporter,Food & Drink Reporter,William Reed
4,Georgina,Townshend,Senior reporter,Morning Advertiser,William Reed
4,Jack,Warren,Senior Sales Executive,Morning Advertiser,William Reed
5,Steve,Alton,Managing Director,Vianet,Vianet
5,Miles,Casey,Client Director,Vianet,Vianet
5,Carole,Dowbekin,Service Delivery Manager,Vianet,Vianet
5,Nic,Hockborn,Customer Service Manager,Vianet,Vianet
5,Paul,Pavli,Managing Director,Punch Taverns,Vianet
5,James,Sharpe,National Contracts Manager,Star Pubs & Bars,Vianet
5,Lee,Sibary,Head of Audit,Greene King Pub Partners,Vianet
5,Michael,Thomas,Operations Director,Iona Pub Partnership,Vianet
5,Scott,West,Client Director,Vianet,Vianet
5,Steve,Worrall,Managing Director Retail,St Austell,Vianet
6,Scott,Barton,National Account Manager,Kopparberg,Kopparberg
6,Anthony,Clarey,Sales Director - On Trade,Kopparberg,Kopparberg
6,Sophie,Cox,Category Co-ordinator,Punch Taverns,Kopparberg
6,Alistair,Herd,National Account Manager,Kopparberg,Kopparberg
6,Adrian,Hirst,Global Sales Director,Kopparberg,Kopparberg
6,Tim,Howard,Marketing Director ,Deltic Group,Kopparberg
6,Stephen,Martin,Category Manager,Punch Taverns,Kopparberg
6,Wayne,Penfold,Buyer ,Pizza Hut,Kopparberg
6,Hayley,Pipe,Marketing Manager ,Stonegate Pub Company,Kopparberg
6,Greg,Turner,National Account Manager,Kopparberg,Kopparberg
7,Ashley,Cairns,Director,CGA,CGA
7,Jamie,Campbell,Business Unit Director,CGA,CGA
7,Jon,Collins,Consultant,CGA,CGA
7,Martin,Curren,Chairman,CGA,CGA
7,Chris,Jeffrey,Client Director,CGA,CGA
7,Jonny,Jones,Business Unit Director,CGA,CGA
7,Graeme,Loudon,Commercial Director,CGA,CGA
7,Rachel,Perryman,Business Unit Director,CGA,CGA
7,Alison,Powell,Operations Director,CGA,CGA
7,Phil,Tate,CEO,CGA,CGA
8,Daniel,Davies ,CEO,CPL Training Group,CPL Training
8,Louise ,Sui,Commercial Director,CPL Training Group,CPL Training
8,Lee ,Woolley,Head of Learning & Development,Stonegate,CPL Training
8,Tim,Painter,HR Director,Stonegate,CPL Training
8,Paul,Chase,Director & Head of UK Compliance ,CPL Training Group,CPL Training
8,Calum,Towers,Account Manager ,CPL Training Group,CPL Training
8,Adam,Dickinson,Business Development Manager,CPL Training Group,CPL Training
8,Ryan ,Pulford,Business Development Manager,CPL Training Group,CPL Training
8,Steve,Novak,Managing Director,Cattle Grid Restaurants,CPL Training
8,Matt,Haworth,Operations Manager,Cattle Grid Restaurants,CPL Training
9,Simon,Chaplin,Head of Restaurants,Christie & Co,Christie & Co
9,Hayley,Connor,Head of People & Learning,Brewhouse & Kitchen,Christie & Co
9,Kris,Gumbrell,Executive Chairman,Brewhouse & Kitchen,Christie & Co
9,Steven,Kenee,Partner,Christie & Co,Christie & Co
9,Noel,Moffitt,Corporate Director,Christie & Co,Christie & Co
9,Neil,Morgan,Managing Director - Public Houses & Restaurants,Christie & Co,Christie & Co
9,Stephen,Owens,Head of Valuation - Pubs & Restaurants,Christie & Co,Christie & Co
9,Ramzi,Qattan,Associate Director,Christie & Co,Christie & Co
9,David,Rugg,Chairman,Christie & Co,Christie & Co
9,Paul,Wigham,CEO,All Our Bars,Christie & Co
10,Jill,Whittaker,Managing Director,HIT Training,HIT Training
10,Jeremy,Scorer,Licensed Retail Academy Principal,HIT Training,HIT Training
10,Graham,Briggs,Apprenticeship Manager,Greene King,HIT Training
10,Marie,Wood,Training Manager,Wadworth,HIT Training
10,Jo,Bradford,Apprenticeship Manager,Marston's,HIT Training
10,Jill,Scatchard,Head of HR,Oakman Inns,HIT Training
10,Karen,Davies,International Interim/Consultant HRD & NED,The People Factor,HIT Training
10,Sarah,Williams,Learning & Development Manager,Ei Group,HIT Training
10,Andy,Holness,HR Director,Ei Group,HIT Training
10,Jaclyn,Bateman,Marketing Director,Bateman's Brewery,HIT Training
11,Nigel,Ball,Senior Director,BNP Paribas,BNP Paribas
11,Helen,Cahill,Acquisitions Manager,Be At One,BNP Paribas
11,Mark,Calder,Director,BNP Paribas,BNP Paribas
11,Nick,Clarke,Property Director,Bistrot Pierre,BNP Paribas
11,Mark,Elbourne,Director,BNP Paribas,BNP Paribas
11,Sally,French,Associate,BNP Paribas,BNP Paribas
11,Nick,Lyell,Director,BNP Paribas,BNP Paribas
11,Nick,Rockell,Property Director,Stonegate Pub Company,BNP Paribas
11,Andrew,Statham,Bar Acquisitions Manager,Brew Dog,BNP Paribas
11,James,Watson,Finance Director,Mosaic Pub & Dining,BNP Paribas
12,Claire,Churchard,Deputy Editor,Morning Advertiser,Leisure PR
12,Graham,Evans,Consultant ,,Leisure PR
12,Maureen,Heffernan,Managing Director,Leisure PR,Leisure PR
12,Robert ,Humphreys,Vice Chair,Best Bar None ,Leisure PR
12,Suzanne,Jackson,Executive Director,Leisure PR,Leisure PR
12,Ian,Payne,Chairman,Stonegate Pub Company,Leisure PR
12,Gavin,Shuker,MP,,Leisure PR
12,Lord Philip,Smith,Chairman,Best Bar None,Leisure PR
12,Kelly,Tolhurst,MP,,Leisure PR
12,David,Wilson,"Director, Public Affairs",BBPA,Leisure PR
14,Ian,Banks,Managing Director ,We are Bar Group,Barclays Bank
14,Guest,Guest,Guest,,Barclays Bank
14,Guest,Guest,Guest,,Barclays Bank
14,Guest,Guest,Guest,,Barclays Bank
14,Laurence,Krafchik,Finance Director,Home House,Barclays Bank
14,Ed,Sandall,Divisional Director,Fleurets,Barclays Bank
14,Bob,Silk,Relationship Director,Barclays Bank,Barclays Bank
14,David,Tarawali,Associate Director,Barclays Bank,Barclays Bank
14,Jim,Turner,Relationship Director,Barclays Bank,Barclays Bank
14,Tarquin,Willams,Finance Director,The City Pub Company,Barclays Bank
15,Daryl,Campbell,Director of Free Trade South,Carlsberg,Carlsberg
15,Andrew,Carlill,Tenanted and Leased Partners Operations Director,Marston's,Carlsberg
15,Simon,Dodd,Managing Director Fullers Beer Company,Fuller Smith & Turner,Carlsberg
15,Alistair,Gaunt,Nationals VP,Carlsberg,Carlsberg
15,Ged,Lowry,National On Trade Director,Carlsberg,Carlsberg
15,Julian,Momen,CEO,Carlsberg,Carlsberg
15,Stuart,Parker,Head of Brewers,Carlsberg,Carlsberg
15,Bruce,Ray,Global Government Relations and UK Corporate Affairs VP,Carlsberg,Carlsberg
15,Per,Svendsen,On Trade VP,Carlsberg,Carlsberg
15,Richard,Westwood,Brewing and Brands Director,Marston's,Carlsberg
16,Mike,Delay,Relationship Director,Barclays Bank,Barclays Bank
16,Mike,Saul,Managing Director,Barclays Bank,Barclays Bank
16,Glynn,Davis,Journalist,,Barclays Bank
16,Catherine,Egleton,Associate Director,Barclays Bank,Barclays Bank
16,Steve,Robinson,CFO,Young & Co. Brewery,Barclays Bank
16,Nicky,Hines,Group FC,Stonegate Pub Company,Barclays Bank
16,Paul,Reeve,Finance Director,Ansco Arena,Barclays Bank
16,Peter,Whitehead,NED,,Barclays Bank
16,Simon,Rowe,NED & Multiple Sector FD Roles,,Barclays Bank
16,Fraser,Anderson,PARTNER,Sapient Corporate Finance,Barclays Bank
17,Sophia,Blawatt,Customer Marketing Manager,Red Bull,Red Bull
17,Tim,Fitzpatrick,Insights Manager,Red Bull,Red Bull
17,Dave,Harrison,Regional Director,Deltic Group,Red Bull
17,Alex,Minett,Sales Director,Red Bull,Red Bull
17,Jamie,Morrison,National Account Manager,Red Bull,Red Bull
17,Ross,Parkes,Brand & Engagement Manager,Novus Leisure,Red Bull
17,Guest,Guest,Guest,Guest,Red Bull
17,Ed,Shoebridge,Channel Head on Premise,Red Bull,Red Bull
17,Lindsey,Summers,National Account Manager,Red Bull,Red Bull
17,Claire,Swain,Purchasing Manager,Stonegate Pub Company,Red Bull
18,Trevor,Heyburn,Managing Director,Venners,Venners
18,Scott,Hulme,Operations Director,Venners,Venners
18,John,Perry,Operations Director,Venners,Venners
18,Malcolm,Muir,Director of Consultancy,Venners,Venners
18,Giselle,Zarifis Sutton,Head of Sales,Venners,Venners
18,Steve,Mayne,Client Services Director,Venners,Venners
18,Gary ,Layton,Business Support Manager,Charles Wells,Venners
18,Greg,Mangham,Chair - London Region,BII,Venners
18,James,Baer,Managing Director,Amber Taverns,Venners
18,Joanne,Jones,Finance Director,Amber Taverns,Venners
19,Alan,Armstrong,Head of Marketing,Stonegate Pub Company,SHS Drinks
19,Darren,Asher,Customer Development Manager,SHS Drinks,SHS Drinks
19,Bryan,Carroll,Sales Director,SHS Drinks,SHS Drinks
19,Colin,Earby,Customer Development Manager,SHS Drinks,SHS Drinks
19,Pete,Fawcett,Head of Customer Development - Out of Home,SHS Drinks,SHS Drinks
19,Jodi,Flannigan,Category Buyer,Mitchells & Butlers,SHS Drinks
19,Richard,Masterson,Buyer - Beer / Cider / Soft Drinks,Matthew Clark,SHS Drinks
19,Dave,McNulty,Managing Director,SHS Drinks,SHS Drinks
19,Lloyd,White,Senior Customer Development Manager,SHS Drinks,SHS Drinks
19,Paul,Wright,Operations Director,Stonegate Pub Company,SHS Drinks
20,Rachel,Evans,Customer Channel Director - MOP,Molson Coors,Molson Coors
20,Dan,Evans,Sales Controller - HORECAL ,Molson Coors,Molson Coors
20,Steve,Halliwell,Customer Director - MOP,Molson Coors,Molson Coors
20,James ,Haywood,Group Executive Chef,Center Parcs,Molson Coors
20,Eddie,McAdam,Group Food & Beverage and Retail Manager,Center Parcs,Molson Coors
20,Ross ,Percy,Account Controller - MOP,Molson Coors,Molson Coors
20,David,Rollason,Drinks Category Controller,Bourne Leisure,Molson Coors
20,Ian ,Sykes,Customer Channel Director - MOP,Molson Coors,Molson Coors
20,Tim,Taylor,Customer Director - MOP,Molson Coors,Molson Coors
20,Dan,Workman,Supply Chain Controller,Bourne Leisure,Molson Coors
21,James,Baer,Joint Managing Director,Amber Taverns,Amber Taverns
21,Mick,Beaver,Regional Manager (West),Amber Taverns,Amber Taverns
21,Melony,Cherry,Chief Accountant,Amber Taverns,Amber Taverns
21,Sam,Frankland,Head of Property,Amber Taverns,Amber Taverns
21,Ron,Howarth,Stock Analyst,Amber Taverns,Amber Taverns
21,Joanne,Jones,Finance Director,Amber Taverns,Amber Taverns
21,George,Poulter,Regional Manager,Amber Taverns,Amber Taverns
21,Gary,Roberts,Operations Director,Amber Taverns,Amber Taverns
21,Beverley,Roberts,Operations Support,Amber Taverns,Amber Taverns
21,Bryan,Wardman,Joint Managing Director,Amber Taverns,Amber Taverns
22,Russell,Danks,Partnership Director,Greene King Pub Partners,Greene King Pub Partners
22,Alan,Dunn,Operations Director,Greene King Pub Partners,Greene King Pub Partners
22,John,Forrest,Managing Director ,Greene King Pub Partners,Greene King Pub Partners
22,Sophie,Hadgraft,PA to Managing Director,Greene King Pub Partners,Greene King Pub Partners
22,Caroline ,Hollings,Director of Recruitment and HR,Greene King Pub Partners,Greene King Pub Partners
22,Julie ,Jolly ,Code Compliance Manager,Greene King Pub Partners,Greene King Pub Partners
22,Darren,King,Commercial Director,Greene King Pub Partners,Greene King Pub Partners
22,Mike ,Mannion,Operations Director,Greene King Pub Partners,Greene King Pub Partners
22,Andy,Price,Operations Director,Greene King Pub Partners,Greene King Pub Partners
22,Chris,White,Head of Finance,Greene King Pub Partners,Greene King Pub Partners
23,David,Carr,Head of Operations,Greene King Brewing & Brands,Greene King Brewing & Brands
23,Clive,Chesser,Managing Director ,Greene King Brewing & Brands,Greene King Brewing & Brands
23,Rob,Craddock,Sales Director,Greene King Brewing & Brands,Greene King Brewing & Brands
23,Richard,Cutler,Sales Director,Greene King Brewing & Brands,Greene King Brewing & Brands
23,Neil,Jardine,Sales Director,Greene King Brewing & Brands,Greene King Brewing & Brands
23,George,Johnston,Marketing Director,Greene King Brewing & Brands,Greene King Brewing & Brands
23,Lindsay ,Keswick,Company Secretary ,Greene King Brewing & Brands,Greene King Brewing & Brands
23,Liz ,Michie,HR Director,Greene King Brewing & Brands,Greene King Brewing & Brands
23,Andrew ,Mokler,Finance Manager ,Greene King Brewing & Brands,Greene King Brewing & Brands
23,Joe,Parks,Sales Director,Greene King Brewing & Brands,Greene King Brewing & Brands
24,Derek,Avington,Head of Marketing - Trad,Stonegate Pub Company,Stonegate Pub Company
24,Levick,Ben,Operations Director,Stonegate Pub Company,Stonegate Pub Company
24,Linda,Carter,Executive Assistant,Stonegate Pub Company,Stonegate Pub Company
24,Dan,Castle,Operations Manager,Stonegate Pub Company,Stonegate Pub Company
24,Mark,Hammond,Head of Digital Marketing,Stonegate Pub Company,Stonegate Pub Company
24,Julie,Lodge,Operations Director,Stonegate Pub Company,Stonegate Pub Company
24,Simon,Longbottom,CEO,Stonegate Pub Company,Stonegate Pub Company
24,Nina,Marshall,Head of HR - Operations,Stonegate Pub Company,Stonegate Pub Company
24,Kevin,Steppe,Director of Food,Stonegate Pub Company,Stonegate Pub Company
24,Ian,Uzice,Director of Sales,Stonegate Pub Company,Stonegate Pub Company
25,Billy,Aubby,Trading Director,Heineken,Heineken
25,Colin ,Coogan ,BDM ,Heineken,Heineken
25,David ,Forde,MD Heineken ,Heineken,Heineken
25,Tim ,Galligan ,South Trading Director ,Heineken,Heineken
25,Mick ,Howard ,North Trading Direcotor ,Heineken,Heineken
25,Dugald ,Macer ,Regional Ops Director ,Heineken,Heineken
25,Mark ,McDonald ,Star Pubs ,Heineken,Heineken
25,Chris ,Moore ,Property Director ,Heineken,Heineken
25,Lawson ,Mountstevens ,MD Star Pubs ,Heineken,Heineken
25,Stephen ,Rooney ,Business Systems Director ,Heineken,Heineken
26,Elaine,Beckett,Head of Marketing & Communications,Wadworth ,Vianet
26,Andrew,Cox,Director of Properties & Tenancies,RAM Pub Co,Vianet
26,Stewart,Darling,CEO,Vianet,Vianet
26,James,Dickson,Chairman,Vianet,Vianet
26,Mark,Fewster,Product Manager,Vianet,Vianet
26,Paul,Gilchrist,Retail Director,Brakspear,Vianet
26,Matt,Halls,Operations Manager,Brewhouse & Kitchen,Vianet
26,Derek,Hough,Client Director,Vianet,Vianet
26,Hannah,Solomons,Customer Service Manager,Vianet,Vianet
26,Greg,Wallis,Tenanted & Leased Operations Manager,Shepherd Neame,Vianet
27,Malcom,Coombes,Brand Director,III Big Dogs Vodka,3BD Vodka
27,Guest,Guest,Guest,III Big Dogs Vodka,3BD Vodka
27,Jay,Parker,Co- Founder,III Big Dogs Vodka,3BD Vodka
27,Ben,Richardson,Co- Founder,III Big Dogs Vodka,3BD Vodka
27,Tom,Richardson,Co- Founder,III Big Dogs Vodka,3BD Vodka
27,Tom,Kidd,Director,Adventure Bar,Adventure Bar
27,Anthony,Lyon,Partner,Kuits Solicitors,Kuits Solicitors
27,Hugh,Doherty ,Finance Director,Mint Group,Mint Group
27,Miranda,French,Director ,Troika,Mint Group
27,David,Hanson,Ops Director,Mint Group,Mint Group
27,Larry ,Seymour,COO,Mint Group,Mint Group
27,Justine,Van Zijl,Director ,Troika,Mint Group
28,Leroy,Colombo,National Account Manager,Britvic Soft Drinks,Britvic Soft Drinks
28,Shaun,Davies,National Account Manager,Britvic Soft Drinks,Britvic Soft Drinks
28,Adam,Russell,Head of Pubs,Britvic Soft Drinks,Britvic Soft Drinks
28,Iain,Jackson,Operations Director,Marston's,Britvic Soft Drinks
28,Andy,Lees,Regional Director,Britvic Soft Drinks,Britvic Soft Drinks
28,Phil,Newton,Commercial Director,Starstock,Britvic Soft Drinks
28,Keith,Richardson,"Director of Sales, On Trade",Britvic Soft Drinks,Britvic Soft Drinks
28,Heydon,Mizon,Joint Managing Director,McMullen's,Britvic Soft Drinks
28,Renu,Sunak,Regional Account Manager,Britvic Soft Drinks,Britvic Soft Drinks
28,Sam,Ulph,Founder,Starstock,Britvic Soft Drinks
29,Mike ,Aldridge,Operations Director,Mitchells & Butlers,Britvic Soft Drinks
29,Simon,Barnes,Free Trade Sales Director,Marston's,Britvic Soft Drinks
29,Robin ,Chapman,Senior NAM,Britvic Soft Drinks,Britvic Soft Drinks
29,Freyja,Collingsmith,Senior NAM,Britvic Soft Drinks,Britvic Soft Drinks
29,Guest,Guest,Guest,,Britvic Soft Drinks
29,Guest,Guest,Guest,,Britvic Soft Drinks
29,Danny,Hawkins,Commercial Director,Punch Taverns,Britvic Soft Drinks
29,Steve,Kent,Senior NAM,Britvic Soft Drinks,Britvic Soft Drinks
29,Richard,Saunders,Regional Sales Director,Marston's,Britvic Soft Drinks
29,Adam,Tinsley,Senior NAM,Britvic Soft Drinks,Britvic Soft Drinks
30,Stefan,Chomka,,Restaurant Magazine,ALMR
30,Mark,Ludmon,,Bar Magazine,ALMR
30,Nick,Bish,Ops Awards Founder,ALMR,Ops Awards
30,Emma,Deabill,"Area Manager 2017, ALMR Ops Awards",YO! Sushi,Ops Awards
30,Yvonne,Fraser,"BDM of 2017, ALMR Ops Awards",Greene King Pub Partners,Ops Awards
30,Adam,Sykes,"Rising Star 2017, ALMR Ops Awards",Fuller Smith & Turner,Ops Awards
30,Andrew,Thompson,Mentor Judge,ALMR,Ops Awards
30,Cat,Fergusson,Editor,On Trade Media,VIP ALMR
30,Liz,Gaffer,Director of Marketing,Licensed Trade Charity,VIP ALMR
30,Tristan,O'Hana,Group Editor,Pub & Bar,VIP ALMR
31,Daniel,Eriksen,Head of Bars,Anglian Country Inns,Anglian Country Inns
31,Pamela,Farrell,Marketing Guru,Anglian Country Inns,Anglian Country Inns
31,Harry,Kodagoda,Ops Director,Anglian Country Inns,Anglian Country Inns
31,Laura,Moffat,Head of People ,Anglian Country Inns,Anglian Country Inns
31,Kevin,Nobes,Ops Manager,Anglian Country Inns,Anglian Country Inns
31,James,Nye,Managing Director,Anglian Country Inns,Anglian Country Inns
31,Cliff,Nye,Chairman,Anglian Country Inns,Anglian Country Inns
31,Howard,Nye ,Commercial Director,Anglian Country Inns,Anglian Country Inns
31,Philip,Turner,Managing Director,Chestnut Group,Anglian Country Inns
31,Kumour,Uddin,Head of Food,Anglian Country Inns,Anglian Country Inns
32,Kieron,Botting,Director,Adventure Bar,Adventure Bar
32,Nigel,McNally,Managing Director,Brookfield Drinks,Brookfield Drinks
32,Troy,Christensen,CEO,Enotria & Coe,Enotria & Coe
32,Danyel,Gorham-Harris,Director of Sales,Enotria & Coe,Enotria & Coe
32,Richard,Smith,Director of Sales,Enotria & Coe,Enotria & Coe
32,Gareth,Maxwell,Sales & Export Manager,Hattingley Valley,Enotria & Coe
32,Oliver,Putter,Brand Ambassador,Hattingley Valley,Enotria & Coe
32,Guest,Guest,Guest,,Pleisure
32,Guest,Guest,Guest,,Pleisure
32,Guest,Guest,Guest,,Pleisure
33,Richard,Bradford,UK Ops Director,Beds & Bars,Beds & Bars
33,Bob,Britt,NED,Beds & Bars,Beds & Bars
33,Paul,Butler,Estate and Project Manager,Beds & Bars,Beds & Bars
33,Sophie,Herbert,Head of Marketing UK & Paris ,Beds & Bars,Beds & Bars
33,Keith,Knowles,CEO,Beds & Bars,Beds & Bars
33,Chris ,Lambert,Group Proerty Manager,Beds & Bars,Beds & Bars
33,Yaser,Martini,NED,Beds & Bars,Beds & Bars
33,Mobin,Rana,FCO,Beds & Bars,Beds & Bars
33,Murray,Roberts,MD,Beds & Bars,Beds & Bars
33,Tim,Sykes,Chairman,Beds & Bars,Beds & Bars
34,Graham,Atfield,UK Accommodation Yield Manager,Beds & Bars,Beds & Bars
34,Jake,Carroll, Head of Digital Technology,Beds & Bars,Beds & Bars
34,Monika,Gondek,PA,Beds & Bars,Beds & Bars
34,Galvao,Gustavo,Food Support Manager,Beds & Bars,Beds & Bars
34,Michelle,Kaye,Group Sales Manager,Beds & Bars,Beds & Bars
34,Luke,Knowles,EU Ops Director,Beds & Bars,Beds & Bars
34,Jan,Kroezen,Front End Developer,Beds & Bars,Beds & Bars
34,Philip,Newlyn,Group Finance Director,Beds & Bars,Beds & Bars
34,Charles,Oforka,Financial Controller UK and Netherlands,Beds & Bars,Beds & Bars
34,Lucie ,Perin,Development Projects and Franchise Manager,Beds & Bars,Beds & Bars
35,Amanda,Ebbs,Head of Sales,Novus Leisure,Novus Leisure
35,Jenna,Edwards,Operations Manager,Novus Leisure,Novus Leisure
35,Harry,Ford,Regional Sales Manager,Novus Leisure,Novus Leisure
35,Marty,Kerby,Head of Food,Novus Leisure,Novus Leisure
35,Sarah,Miller,Operations Director,Novus Leisure,Novus Leisure
35,Lisa,O'Byrne,HR Business Partner,Novus Leisure,Novus Leisure
35,Ross,Palmer,Operations Manager,Novus Leisure,Novus Leisure
35,James,Palmer-Broome,Regional Sales Manager,Novus Leisure,Novus Leisure
35,Toby,Smith,CEO,Novus Leisure,Novus Leisure
35,Tom,Talbot,Operations Manager,Novus Leisure,Novus Leisure
36,Ollie,Dickie,Buying and Product Controller,Matthew Clark,H Weston & Sons
36,Sami,El Hakiem,Trading Manager – Beer and Cider,Molson Coors,H Weston & Sons
36,Tom Foddy,Foddy,Senior Retail Sales and Marketing Manager,Charles Wells,H Weston & Sons
36,Emma ,Griffiths,Trade Marketing Manager,Molson Coors,H Weston & Sons
36,James,Harrison,Director of Trading and Horeca,Molson Coors,H Weston & Sons
36,Martyn,Jones,Channel Head,Westons Cider,H Weston & Sons
36,Richard,Luscombe,National Account Manager,Westons Cider,H Weston & Sons
36,Sally,McKinnon,Head of Brands,Westons Cider,H Weston & Sons
36,Neil ,Musson,Purchasing Manager,Wadworth,H Weston & Sons
36,Adrian,Staley,Field Sales Controller,Westons Cider,H Weston & Sons
37,Matthew,Barlow,National Account Controller ,Mast-Jaegermeister,Mast-Jaegermeister
37,Nicole ,Goodwin,Marketing Director ,Mast-Jaegermeister,Mast-Jaegermeister
37,Iain,Hinks,Head of Retail ,Mast-Jaegermeister,Mast-Jaegermeister
37,Peter,Kennedy,London Sales & Marketing Manager ,Mast-Jaegermeister,Mast-Jaegermeister
37,Guy ,Lawrence ,CEO,Mast-Jaegermeister,Mast-Jaegermeister
37,Natasha ,Maddison ,National Account Manager ,Mast-Jaegermeister,Mast-Jaegermeister
37,Paul ,Menzies,Influencer Marketing Controller ,Mast-Jaegermeister,Mast-Jaegermeister
37,Ben ,Payne,"Head of Field Sales, IFT  & National RTM",Mast-Jaegermeister,Mast-Jaegermeister
37,Belen ,Robbins,National Account Controller ,Mast-Jaegermeister,Mast-Jaegermeister
37,Aidan,Wilday,Sales Director ,Mast-Jaegermeister,Mast-Jaegermeister
38,Toby,Brett,Owner,Banwell House Pub Co,Polaris Elements
38,Simon,Bunn,Owner,Brewhouse & Kitchen,Polaris Elements
38,Kevin,Charity,Owner,Coaching Inn Group,Polaris Elements
38,Richard,Forster,National Account Manager,Polaris Elements,Polaris Elements
38,Jerry,Green,National Account Manager,Wadworth ,Polaris Elements
38,Rachel,Slater,Owner,Little Gem Country Dining,Polaris Elements
38,Ben,Stackhouse,Owner,Publove,Polaris Elements
38,Edward,Walsh,Finance Director,Coaching Inn Group,Polaris Elements
38,Neil,Westwater,Director,Polaris Elements,Polaris Elements
38,Steve,Wilkins,Owner,Little Gem Country Dining,Polaris Elements
39,Keith,Bouncer,National Account Manager,Halewood Wines & Spirits,Halewood Wines & Spirits
39,John,Bradbury,Managing Director UK,Halewood Wines & Spirits,Halewood Wines & Spirits
39,Andy,Braithwaite,Head of Heineken's digital B2B & Sales & Service customer Hub ,Star Pubs & Bars,Halewood Wines & Spirits
39,Steven,Brewer,Sales Director,"HB Clark Beers, Wines & Spirits",Halewood Wines & Spirits
39,Nigel,Campbell,Senior National Account Manager,Halewood Wines & Spirits,Halewood Wines & Spirits
39,Louis,Collins,National Account Manager,Halewood Wines & Spirits,Halewood Wines & Spirits
39,Bernard,McGuirk,Category Buying Manager,Star Pubs & Bars,Halewood Wines & Spirits
39,Steve,Pickles,Sales Controller- New Business,Molson Coors ,Halewood Wines & Spirits
39,Matt,Roberts,Purchasing Manager,Punch Taverns,Halewood Wines & Spirits
39,Francesca,Sabin ,Head of Group Trading,"HB Clark Beers, Wines & Spirits",Halewood Wines & Spirits
40,Aron,Adams,Account Director,Matthew Clark,Matthew Clark
40,Steve,Dancer,Buying Director,Heineken,Matthew Clark
40,Daniel,Deedigan,Head of Food & Beverage,Genting Casinos,Matthew Clark
40,Myles,Doran,Commercial Director,Revolution Bars Group,Matthew Clark
40,Simon,Galkoff,Group Procurement Director,Casual Dining Group,Matthew Clark
40,Jason,Myers,CEO,Busaba Eathai,Matthew Clark
40,Alyson,Scott,Procurement & Supply Chain Director,TGI Friday's,Matthew Clark
40,Joel,Williams,General Manager,Home House,Matthew Clark
40,Martin,Williams,CEO,M W Restaurants,Matthew Clark
40,Gemma,Wills,New Business Director,Matthew Clark,Matthew Clark
41,Geoff,Bradman,Commercial Director,Westons Cider,H Weston & Sons
41,Steve,Garrett,Chief Executive Officer,Westons Cider,H Weston & Sons
41,Guest,Guest,Guest,,H Weston & Sons
41,Liz,Hardman,Director of Drinks Trading,Mitchells & Butlers,H Weston & Sons
41,Darryl,Hinksman,Head of Customer Marketing and Insight,Westons Cider,H Weston & Sons
41,Mike ,Hogg,Assistant Procurement Manager,Westons Cider,H Weston & Sons
41,Ben,Lockwood,Procurement Manager,Mitchells & Butlers,H Weston & Sons
41,Nolan,Spratt,National Account Manager,SA Brains,H Weston & Sons
41,Johnathon,Thomas,National Account Manager,Wadworth,H Weston & Sons
41,Chris,Welham,Sales Director,Wadworth,H Weston & Sons
42,Julian ,Atkins,Sales Director ,Global Brands,Global Brands
42,Guest,Guest,Guest,,Global Brands
42,Gary,Hazell ,London On Trade RTM Sales Manager ,Global Brands,Global Brands
42,Karen ,Hickey ,National Account Manager,Global Brands,Global Brands
42,Mark ,James ,Group Managing Director ,Global Brands,Global Brands
42,Ben ,Ko-nkengmo,Purchasing Manager,Novus Leisure ,Global Brands
42,Joe,Morley ,Senior National Account Manager ,Global Brands,Global Brands
42,Santiago ,Perez,National Account Director,Global Brands,Global Brands
42,Godfrey ,Russell,Operations Director,Revolution Bars Group,Global Brands
42,Barrie ,Sly,Area Sales Manager South ,Global Brands,Global Brands
43,Thomas ,Bennett ,Senior Customer Marketing Manager ,Global Brands,Global Brands
43,Matt,Bulcroft,National Account Controller – On Trade,Global Brands,Global Brands
43,Alex ,Butt,National Account Manager,Global Brands,Global Brands
43,Grant  ,Dexter,Operations Director,Camerons ,Global Brands
43,James ,Fendley ,Customer Business Manager ,Global Brands,Global Brands
43,Frazer,Grimbleby,Operations Director,Craft Union Pub Co,Global Brands
43,Tom ,Hurst ,Senior National Account Manager,Global Brands,Global Brands
43,Rebecca ,Johnson ,Area Manager ,Craft Union Pub Co,Global Brands
43,Davey ,Perry ,Customer Business Manager ,Global Brands,Global Brands
43,Tom ,Singleton ,London Sales Manager ,Global Brands,Global Brands
44,Nick,Callaghan,Commercial Director,Hills Prospect,Disaronno
44,Richard,Glover,Head of Sales RTM,Illva,Disaronno
44,Mukesh,Kerjiwai,Sales Direcctor,Venus,Disaronno
44,Dean,Moffat,Head of Purchasing ,Hills Prospect,Disaronno
44,Dave,Murray ,Group Sales Director ,Primo Drinks,Disaronno
44,Alistair,Pummery,Marketing Manager,Illva,Disaronno
44,Mick,Sheridan,Regional Director - Pub Partners ,Greene King Pub Partners,Disaronno
44,Michael,Stewart,Business Account Manager,William Grant & Sons,Disaronno
44,Roman,Tujeshyn,Key Account Manager,Primo Drinks,Disaronno
44,Oliver,Turner,Country Director,Illva,Disaronno
45,Anthony,Alder,Director,AG&G,Glendola Leisure
45,Francesca,Boorman,,Glendola Leisure,Glendola Leisure
45,Colin,Harding,Managing Director,Pembrook Design,Glendola Leisure
45,Mark,Prince,Partner,KPMG,Glendola Leisure
45,Graeme,Ramsay,Finance Director,Glendola Leisure,Glendola Leisure
45,Euan,Robb,Group Sales Manager,Glendola Leisure,Glendola Leisure
45,Bobby,Robertson,Operations Manager,Glendola Leisure,Glendola Leisure
45,Nicol,Robertson,Executive Chef,Glendola Leisure,Glendola Leisure
45,Peter,Salussolia,Chairman,Glendola Leisure,Glendola Leisure
45,Tina,Salussolia,Director,Glendola Leisure,Glendola Leisure
46,James,Davies,Partner,Fleurets,Glendola Leisure
46,Marcello,Sangiorgio,Account Director,Glendola Leisure,Glendola Leisure
46,Jack,Rugg,Director,Twenty2Degrees Design Partnership,Glendola Leisure
46,Allen,Sally,HR Manager,Glendola Leisure,Glendola Leisure
46,Luisa,Salussolia,Operations Manager,Glendola Leisure,Glendola Leisure
46,Alex,Salussolia,Managing Director,Glendola Leisure,Glendola Leisure
46,Nick,Salussolia,Operations Manager,Glendola Leisure,Glendola Leisure
46,Howard,Saunders,Director,The Retail Futurist ,Glendola Leisure
46,Caroline,Wilton,Partner,Heald Solicitors,Glendola Leisure
46,Simon,Yandell,Group Sales Manager,Glendola Leisure,Glendola Leisure
47,Sharon,Badelek ,CFO,Novus Leisure ,Novus Leisure
47,George,Boyd,Management Accountant,Novus Leisure ,Novus Leisure
47,James,Cheeseman,Financial Accountant,Novus Leisure ,Novus Leisure
47,Lilly,Chisi,Finance Manager,Novus Leisure ,Novus Leisure
47,Michelle,Farrell,Head of Marketing,Novus Leisure ,Novus Leisure
47,Simon,Gaske,Customer Experience Director,Novus Leisure ,Novus Leisure
47,Amy,Gatt,LNL Brand Manager,Novus Leisure ,Novus Leisure
47,Bel,Gumiel,Balls Brothers Brand Manager,Novus Leisure ,Novus Leisure
47,Victoria,Purchase,Head of Central Sales & Events,Novus Leisure ,Novus Leisure
47,Connie,Salmon,Head of Management Reporting,Novus Leisure ,Novus Leisure
48,Darren,Collins,Exec Chef,Whiting & Hammond,Whiting & Hammond
48,Georgie,Douthwaite,PA to MD,Whiting & Hammond,Whiting & Hammond
48,Chris,Hammond,Partner,Whiting & Hammond,Whiting & Hammond
48,Linton,Neill,,Enotria & Co,Whiting & Hammond
48,Terry,Norton,Maintenance Manager,Whiting & Hammond,Whiting & Hammond
48,Tony,Osbourne,,FAS 2000,Whiting & Hammond
48,Andy,Roberts,T&D Manager,Whiting & Hammond,Whiting & Hammond
48,Victoria,Sampson,,Cooper Burnett,Whiting & Hammond
48,Willie,Tambling,,Zenith Hygiene Group,Whiting & Hammond
48,Brian,Whiting,MD,Whiting & Hammond,Whiting & Hammond
49,Richard,Bishop,Ops Director,Marston's,Marston's
49,Mark,Boden,Account Controller Managed Retail,Marston's,Marston's
49,Trevor,Bowers,Hills Prospect,Hills Prospect,Marston's
49,Tom,Easom,SNAM Horeca & New Business,Marston's,Marston's
49,Mark,Loader,Buying Groups Controller,Matthew Clark,Marston's
49,Martin,Lockley,Category Manager,Mitchells & Butlers,Marston's
49,Mick,Newton,F & B Director,Kew Green,Marston's
49,Paul,Phillips,SNAM RTM & Brewers,Marston's,Marston's
49,Dave,Saunders,Head of Sales,Marston's,Marston's
49,Jennie,Spanswick,SNAM Managed Retail,Marston's,Marston's
50,James,Williams,National Account Controller,Bacardi Brown - Forman Brands,Bacardi Brown Forman
50,Louise,Gretton,National Account Controller,Bacardi Brown - Forman Brands,Bacardi Brown Forman
50,Thomas,Seymour,National Account Controller,Bacardi Brown - Forman Brands,Bacardi Brown Forman
50,Callum,Varley,Customer Development Manager,Bacardi Brown - Forman Brands,Bacardi Brown Forman
50,Jon,Hepplestone,Customer Development Manager,Bacardi Brown - Forman Brands,Bacardi Brown Forman
50,Dan,Simmons,Customer Development Manager,Bacardi Brown - Forman Brands,Bacardi Brown Forman
50,Jenni,Towndrow,Customer Development Manager,Bacardi Brown - Forman Brands,Bacardi Brown Forman
50,Scott,Bell ,Customer Planning & Activation Manager,Bacardi Brown - Forman Brands,Bacardi Brown Forman
50,Gayle,Lewis,Customer Planning & Activation Manager,Bacardi Brown - Forman Brands,Bacardi Brown Forman
50,Guest,Guest,Guest,,Bacardi Brown Forman
51,Dawn,Donohoe,Operations Director,Camden Dining Group,Camden Dining Group
51,Martin,Gregory,MD,Grey Simmonds,Camden Dining Group
51,Siobhan,Magill,Founder,Soho Bars,Camden Dining Group
51,Nigel,McKinnon Clark,,Camden Dining Group,Camden Dining Group
51,Jonathan,Moradoff,Director,Davis Coffer Lyons,Camden Dining Group
51,Terry,Neil,CEO,PSS,Camden Dining Group
51,Roger,Payne,CEO,Camden Dining Group,Camden Dining Group
51,Mark,Routley,Partner,TLT,Camden Dining Group
51,Justin,Wallace,Commercial Director,Camden Dining Group,Camden Dining Group
51,Jon,Yantin,CEO,Stake Concepts,Camden Dining Group
52,John,Proctor,Key Account Manager,Molson Coors,Bravo Inns
52,Nathan ,Kill,Key Account Manager,Molson Coors,Bravo Inns
52,Ken ,Buckley, Managing Director,Bravo Inns,Bravo Inns
52,Phil ,Dearden, Finance Director,Bravo Inns,Bravo Inns
52,Harvey ,Nurse, Managing Director,Bravo Inns,Bravo Inns
52,Nick ,Bashford,Regional Director,Molson Coors,Bravo Inns
52,Colin ,Wilde,,Bravo Inns,Bravo Inns
52,Pete,Hopwell,,Bravo Inns,Bravo Inns
52,Vicky ,Saxby,Operations Director,Bravo Inns,Bravo Inns
52,Newton,Geoff,Managing Director,Bravo Inns,Bravo Inns
53,Nathan,Darby,Retail Development Manager,Charles Wells,Charles Wells
53,Anthony,Fryer,Group Finance Director,Charles Wells,Charles Wells
53,Shaun,Matthews,Retail Development Manager,Charles Wells,Charles Wells
53,Craig,Mayes,"Director - Apostrophe Pubs, Pizza Pots & Pints & Charles Wells France",Charles Wells,Charles Wells
53,Justin,Phillimore,Chief Executive,Charles Wells,Charles Wells
53,Niki,Rouse,Head of HR,Charles Wells,Charles Wells
53,Benjamin,Smith,"Head of Operations, Apostrophe Pubs",Charles Wells,Charles Wells
53,Colin,Spilling,Retail Development Manager,Charles Wells,Charles Wells
53,Nick ,Wells,Retail Development Manager,Charles Wells,Charles Wells
53,David ,Wilson,Retail Development Manager,Charles Wells,Charles Wells
54,Chris,Beck,Commercial Director,Hawthorn Leisure,Diageo
54,Stuart ,Cook,Head of Field Sales,Diageo,Diageo
54,Ed,Gallagher,Senior National Account Manager,Diageo,Diageo
54,Chris,Hopkins,Commercial Director,Mitchells & Butlers,Diageo
54,Dave,Just,?Head of Purchasing,Stonegate Pub Company,Diageo
54,Rich ,Larkin,"National Account Controller, Managed Retail ",Diageo,Diageo
54,Luke,Lloyd,National Account Manager,Diageo,Diageo
54,Anna-Marie,Mason,Director of Brand Marketing,Mitchells & Butlers,Diageo
54,Sarah,McCarthy,Senior Category Manager,Diageo,Diageo
54,Steve,Morris,Commercial Manager,Voyage Inns,Diageo
55,Bob,Underhill,Account Director,Matthew Clark,Marussia Beverages
55,Paul,Buckle,Commercial Director,Marussia Beverages,Marussia Beverages
55,Caroline,Fox,Head of Bars and Drinks Development,Matthew Clark,Marussia Beverages
55,Mark,Harrison ,Stonegate Account Director,Matthew Clark,Marussia Beverages
55,Richard,Manning,Bid Manager ,Matthew Clark,Marussia Beverages
55,Bruce,Perry,Managing Director,Marussia Beverages,Marussia Beverages
55,Charlotte,Purdy,Head of Entertainment,Deltic Group,Marussia Beverages
55,Tony,Swinfield,Business Development Controller,Matthew Clark,Marussia Beverages
55,Ross,Walton ,Head of Bars and Drinks Development,The Restaurant Group,Marussia Beverages
55,Gareth,Williams,National Account Director,Marussia Beverages,Marussia Beverages
56,Peter,Birdsall,Director,Barter Inns,Barter Inns
56,Louise,Birdsall,Director,Barter Inns,Barter Inns
56,Ian,Collins,Area Manager,Keystone Group,Barter Inns
56,Jay,Ellwood,Sales Manager,Brew & Press,Barter Inns
56,Scott,Golding,Key Account Manager,Brew & Press,Barter Inns
56,Phil ,Pothecary,Purchasing,Searcys,Barter Inns
56,Jack,Richards,Commercial Finance Manager,Drake & Morgan,Barter Inns
56,Toby ,Scourse,Sales Director,Brew & Press,Barter Inns
56,Oliver,Sheridan,Regional Manager,Pubs of Distinction,Barter Inns
56,Sophie ,Whitehurst,Marketing,Brew & Press,Barter Inns
57,Dan,Bolton,Managing Director,Hi Spirits,Hi Spirits
57,Brian,Cunliffe,National Account Controller - On-Trade,Hi Spirits,Hi Spirits
57,Evan,Eksteen,Operation Manager,Laines,Hi Spirits
57,Dan,Hills,Sales&Marketing Director,Laines,Hi Spirits
57,Tom,Hodgkiss,National Account Manager,Hi Spirits,Hi Spirits
57,Amanda,Mcleod,Marketing Director,Hi Spirits,Hi Spirits
57,Karen,Powell,Buyer,Stonegate Pub Company,Hi Spirits
57,Mike,Reilly,National Account Manager,Hi Spirits,Hi Spirits
57,Dave,Tanner,Drinks Proposition Manager,Premier Inns & Restaurants,Hi Spirits
57,Trevenon,Weeks,Sales Director,Hi Spirits,Hi Spirits
58,Gary,Barker,,Molson Coors,Innovation Pub Management
58,Guest,Guest,Guest,,Innovation Pub Management
58,Guest,Guest,Guest,,Innovation Pub Management
58,Guest,Guest,Guest,,Innovation Pub Management
58,Guest,Guest,Guest,,Innovation Pub Management
58,Paul,Higgs,,Molson Coors,Innovation Pub Management
58,Robbie,Marklew,,Innovation Pub Management,Innovation Pub Management
58,John,Scaife,,Innovation Pub Management,Innovation Pub Management
58,Steve,Truman,,Innovation Pub Management,Innovation Pub Management
58,Paul,Weeks,,Innovation Pub Management,Innovation Pub Management
59,Neil,Barker,Managing Director ,William Grant & Sons,William Grant & Sons
59,Becky ,Batsford,Buyer,Mitchells & Butlers,William Grant & Sons
59,Darren,Blackburn,Head of Beverage Operations ,G1,William Grant & Sons
59,Kieran ,Collins,Head of Menu Development ,G1,William Grant & Sons
59,Sophie,Evans ,Head of Marketing,Be At One,William Grant & Sons
59,Chris,Gately-White ,Business Account Manager,William Grant & Sons,William Grant & Sons
59,Jordan,Kemp,Business Account Manager,William Grant & Sons,William Grant & Sons
59,Jez,Manterfield,Spirits Category Manager,Mitchells & Butlers,William Grant & Sons
59,Allan,Michael ,National Account Manager ,William Grant & Sons,William Grant & Sons
59,Andy,Spurgeon,Business Unit Controller,William Grant & Sons,William Grant & Sons
60,Peter,Marks,Chief Executive,Deltic Group,Deltic Group
60,Paul,Evans,Director  ,Deltic Group,Deltic Group
60,Kelly ,Young,General Counsel and Company Secretary,Deltic Group,Deltic Group
60,Tim,Jones,IT Director,Deltic Group,Deltic Group
60,Tony,Gorbert,Regional Director,Deltic Group,Deltic Group
60,Jason,Thorndycraft,Operations Director,Deltic Group,Deltic Group
60,Zoe,Pacyna-Wood,Human Resources Director,Deltic Group,Deltic Group
60,Eric,May,Development Director,Deltic Group,Deltic Group
60,Maxine,Bamber,Executive Assistant,Deltic Group,Deltic Group
60,Richard,Taylor,Business Development Director,Deltic Group,Deltic Group
61,Alex,Millington,Group Finance Director,Deltic Group,Deltic Group
61,Lawrence,McGreal,Director ,Deltic Group,Deltic Group
61,Alex,Stanhope,Property Director,Deltic Group,Deltic Group
61,Heather,Jackson,Head of Payroll,Deltic Group,Deltic Group
61,Anthony,Morrison,,Deltic Group,Deltic Group
61,Darryn,Valerio,Regional Director,Deltic Group,Deltic Group
61,Ollie,Keeler,Head of Finance,Deltic Group,Deltic Group
61,Garry-David,Phillips,Regional Director,Deltic Group,Deltic Group
61,Russell ,Quelch,Regional Director,Deltic Group,Deltic Group
61,Ged,Gorrie,Regional Director,Deltic Group,Deltic Group
62,Michel,Beneventi,Country Business Manager,Nestle Waters,Nestle Waters
62,Lisa,Bratt-Wyton,Out of Home Controller,Nestle Waters,Nestle Waters
62,Huw,Evans,Senior Business Development Manager,Nestle Waters,Nestle Waters
62,Terry,Hearty,Grocery Controller,Nestle Waters,Nestle Waters
62,Julia,Holbrook,Category Development Lead - OOH,Nestle Waters,Nestle Waters
62,Ray,Kemish,Business Development Manager,Nestle Waters,Nestle Waters
62,Andy,Maude,Head of Sales,Nestle Waters,Nestle Waters
62,Ollie,Richardson,Senior Business Development Manager,Nestle Waters,Nestle Waters
62,Silika,Shellie,Head of Category Development,Nestle Waters,Nestle Waters
62,Olivia,Van Vredenburch,Brand Manager,Nestle Waters,Nestle Waters
63,Fern,Bagley,B2B & Quality Manager,Heineken,Heineken
63,Richard,Bradbury,Wholesale and Commercial Director,Heineken,Heineken
63,Kwofi,Dubois,On Trade Controller,Heineken,Heineken
63,Guest,Guest,Guest,Heineken,Heineken
63,Chris ,Jowsey,On Trade Director,Heineken,Heineken
63,Jerry,Shedden,Category & Trade Marketing Director,Heineken,Heineken
63,Stephen ,Spencer-Jones,Trading Director L&T,Heineken,Heineken
63,Andrew,Turner,Trading Director,Heineken,Heineken
63,Kate,Vicary,Account Director,Heineken,Heineken
63,Rob,Whitaker,Managed Multiples Director,Heineken,Heineken
64,Declan,Boyle,,Voyage Inns,Phoenix Pub Group
64,David,Burr,,Voyage Inns,Phoenix Pub Group
64,Michael,Ekberg,,EI Group,Phoenix Pub Group
64,Kim,Francis,,EI Group,Phoenix Pub Group
64,James,Harrison,,HSBC,Phoenix Pub Group
64,Liam,Kelleher,,Phoenix Pub Group,Phoenix Pub Group
64,Steve,Perez,,Global Brands,Phoenix Pub Group
64,Robert,Rawlinson,,Screach,Phoenix Pub Group
64,Paul,Taplin,,Voyage Inns,Phoenix Pub Group
64,Pat,Walker,,AW Gore,Phoenix Pub Group
65,Marc,Balding,Development Director,Burger King,TLT
65,Little,Ed,Property Director,Hawthorn Leisure,TLT
65,Theo,Fordham,Property Acquisitions Manager,New World Trading Company,TLT
65,Stuart,Gallyot,Company Secretary and Legal & Estates Director at Punch Taverns,Punch Taverns,TLT
65,Robert,Hayes,Licensing Officer,Iceland,TLT
65,Stephen,McGowan,Partner,TLT,TLT
65,Philip,Moran,Legal Director,TLT,TLT
65,Matthew,Phipps,Partner,TLT,TLT
65,Adrian,Saunders,Head of Property,Byron Burger,TLT
65,Sarah,Worker,Associate,TLT,TLT
66,Christopher,Ainsworth,Partner,Freeths,Freeths
66,Adam,Boyd,Associate,Freeths,Freeths
66,Mark,Brown,Partner,Freeths,Freeths
66,Natalie,Drought,Senior Associate ,Freeths,Freeths
66,Nigel,Gardner,Partner,Freeths,Freeths
66,Lisa,Gilligan,Partner,Freeths,Freeths
66,Serra,Lee,Solicitor,Freeths,Freeths
66,Hayley,Payton,Associate,Freeths,Freeths
66,Leo,Skinner,Partner,Freeths,Freeths
66,Julia,Thurston,Associate,Freeths,Freeths
67,Emma,Cowens,Finance Manager,Brakes Group,Brakes Group
67,Vanessa,Foord,New Business Manager,Brakes Group,Brakes Group
67,Suzanne,Garner,Business Manager,Brakes Group,Brakes Group
67,Julie,Hooper,Channel Head,Brakes Group,Brakes Group
67,Paul,Hulyer,Senior Sector Marketing Manager,Brakes Group,Brakes Group
67,Simon,Hurrell,Head of Food Purchasing,Stonegate Pub Company,Brakes Group
67,Jade,Plampton,Finance Manager,Brakes Group,Brakes Group
67,Mark,Ellis,National Account Director,Brakes Group,Brakes Group
67,Gill,Thomas,Business Development Director,Brakes Group,Brakes Group
67,Phillip,White,Corporate & Logistics Director,Brakes Group,Brakes Group
68,Neil ,Hooper,MD,Steelite International,Steelite International
68,Nick,Mogridge ,National Accounts Manager,Steelite International,Steelite International
68,Martin,Youds ,Sales Director ,Steelite International,Steelite International
68,Jo,Derbyshire,Business Development Manager,Steelite International,Steelite International
68,Greg ,Fowkes ,National Accounts Manager,Steelite International,Steelite International
68,Peter ,Harbrecht-Parker ,,Greene King ,Steelite International
68,Glenn,Evans ,,Las Iguanas,Steelite International
68,Steve ,Mangleshot ,,Wagamama ,Steelite International
68,Assia ,Elkamli,,Pizza Express ,Steelite International
68,Simon ,Xavier ,,TRG,Steelite International
69,Simon ,Iddon,Chief Information Officer,The Restaurant Group,Fourth
69,Jon,Taylor,Head of IT,Carluccio's ,Fourth
69,David,King,Finance Director,Fuller Smith & Turner,Fourth
69,Chris,Guy,Finance Director,Loungers,Fourth
69,Michael,Shaw,Consultant,City Centre Consulting ,Fourth
69,Andreas,Karlsson,Group COO,Sticks n Sushi,Fourth
69,Dominic,Child,Head of Corporate Sales,Fourth,Fourth
69,Claire,Chalmers,Sales Manager – Corporate ,Fourth,Fourth
69,James,Barry,Account Executive,Fourth,Fourth
69,Claire,Thomas,Customer Success Manager - Enterprise,Fourth,Fourth
70,Steve,Annand,Sales Director,Inverarity Morton,Budvar
70,Aljo,Armend,Procurement Manager,Oakman Inns,Budvar
70,Peter ,Borg-Neal,CEO,Oakman Inns,Budvar
70,Gary,Cann,Procurement Manager,Living Ventures,Budvar
70,Alex ,Ford,Operations Director,Oakman Inns,Budvar
70,Simon,George,Managing Director,Budvar,Budvar
70,Sam,Hagger,Co-Founder & Director,Beautiful Pubs,Budvar
70,Charlie ,McVeigh,Founder,Draft House ,Budvar
70,Joby,Mortimer,On Trade Sales Director,Budvar,Budvar
70,Simon,Warren,Operations Director,Budvar,Budvar
71,Collette,Whittington-Bowers,Wine Director,Hills Prospect,Disaronno
71,Ed,Martin,Managing Director,ETM Group,ETM Group
71,Landon,Prescott Bran,CFO,ETM Group,ETM Group
71,Alexander,Walder-Smith,,ETM Group,ETM Group
71,Matt,Bamber,Operations Director,New World Trading Company,New World Trading Company
71,Richard,Barley,Finance Director,New World Trading Company,New World Trading Company
71,Chris,Hill,CEO,New World Trading Company,New World Trading Company
71,Tim,McCormac,Property Director,New World Trading Company,New World Trading Company
71,Kate,Gray,Commercial Director,Regency Security,Regency Security
71,Kim,Beasley,Business Director,Regency Security,Regency Security
72,Duncan ,Emmerson,Customer Director - MOP,Molson Coors,Molson Coors
72,Allan,Harper ,CEO,Burning Night Group,Molson Coors
72,Jay,Mackay,Managing Director,H B Clark,Molson Coors
72,Dave,Mackenzie,Wholesale Director,Molson Coors,Molson Coors
72,Colin,Mckenzie,Regional Account Manager,Molson Coors,Molson Coors
72,Stephen,McKnight,Director,Burning Night Group,Molson Coors
72,Rory,Naylor,Customer Director - MOP,Molson Coors,Molson Coors
72,Jade,Renner,Director,Burning Night Group,Molson Coors
72,Peter,Thompson,Wholesale Partnership Manager,Molson Coors,Molson Coors
72,Andy ,Waller,Commercial Dorector,Deckers Wholesale,Molson Coors
73,Chris,Cody,Director,Phoenix Pub Group,Molson Coors
73,Martyn,Cozens,On Trade Sales Director,Molson Coors,Molson Coors
73,Mark,Cockrell,Sales Director,Molson Coors,Molson Coors
73,Dean ,Ince,Regional Director,Molson Coors,Molson Coors
73,Gerwyn ,Jones,Sales Director -IOP South,Molson Coors,Molson Coors
73,Liam ,Kelleher,,Phoenix Pub Group,Molson Coors
73,Johnny,McElhinney,,Windmill Taverns,Molson Coors
73,Ryan ,McElhinney,,Windmill Taverns,Molson Coors
73,Ken ,Ryan,,Barter Inns,Molson Coors
73,Philip ,Thorley,Director,Thorley Taverns,Molson Coors
74,Andy,Mammoulos,On Trade Area Sales Manager,Venus,Pernod Ricard
74,Ian,Mason,Customer Business Manager,Pernod Ricard,Pernod Ricard
74,Selby,Miles,Procurement director,EI Group ,Pernod Ricard
74,Ian,Peart,Business Development Director,Pernod Ricard,Pernod Ricard
74,Mitchell,Philip,Head of Procurement,Young & Co. Brewery,Pernod Ricard
74,Liz,Preston,Customer Account Manager,Pernod Ricard,Pernod Ricard
74,Nicola,Pryce,Marketing Director,Stonegate Pub Company,Pernod Ricard
74,Ian,Taylor,Sales Director,Funkin,Pernod Ricard
74,David,Thirtle,Business Unit Controller,Pernod Ricard,Pernod Ricard
74,Lee,Tim ,Sales Director ,Matthew Clark,Pernod Ricard
75,Penny,Blake,Event Director,Red Beetle,Red Beetle
75,Mark,Freeman,Director,Red Beetle,Red Beetle
75,Guest,Guest,Guest,,Red Beetle
75,Jamie,Jenkinson,Managing Director,Sector Insurance Associates,Red Beetle
75,Ben,Milne,Art & Digital Director,Red Beetle,Red Beetle
75,Becky ,Salisbury,Managing Director,Salisbury Pubs,Red Beetle
75,David,Salisbury,Managing Director,Salisbury Pubs,Red Beetle
75,Gail,Selby,Senior HR Consultant ,The People Factor,Red Beetle
75,Steve,Webb,Director,Step,Red Beetle
75,Shaun,Whelan,Convenience / Wholesale & OOH Controller ,Jack Links,Red Beetle
76,Chas,Bunzli,Business Development Manager,Kobas,Kobas
76,Phil,Eeles,Finance Director,Honest Burger,Kobas
76,Jamie,Gordon,,SME Group,Kobas
76,Neil,Mukerji,COO,Kobas,Kobas
76,Victoria,Oickle,Operations Manager,Honest Burger,Kobas
76,James,O'Sullivan,CEO,Kobas,Kobas
76,Jim,Robertson,Group Operations Director,Maxwell's Restaurants,Kobas
76,Mark,Robson,CEO,Red Mist Leisure,Kobas
76,Steve,Smith,Group General Manager,Chestnut Group,Kobas
76,Andrew,Stones,COO,Be At One,Kobas
77,Geoff,Brown,Head Buyer,Matthew Clark,Pernod Ricard
77,Tony,Cleeve,Business Unit Controller,Pernod Ricard,Pernod Ricard
77,Guy,Dolden,Head Buyer,Bibendum Wines,Pernod Ricard
77,Tom,Elliott-Frey,Marketing Manager,Young & Co. Brewery,Pernod Ricard
77,Chris ,Ellis,Commercial Director,Pernod Ricard,Pernod Ricard
77,Mark,Harris,Channel Director,Pernod Ricard,Pernod Ricard
77,Alistair,Harrison,COO,Venus,Pernod Ricard
77,Mark,Herbert,Field Sales Controller,Pernod Ricard,Pernod Ricard
77,Chris ,Ireland,Customer Business Manager,Pernod Ricard,Pernod Ricard
77,Andrew,King,CEO,Funkin,Pernod Ricard
78,Matt,Dooley,National Account Manager,Britvic Soft Drinks,Britvic Soft Drinks
78,Phil,Eymond,Senior NAM,Britvic Soft Drinks,Britvic Soft Drinks
78,Matt,Greenslade,Customer Marketing Manager,Britvic Soft Drinks,Britvic Soft Drinks
78,Katie,Hewitt,,Carlsberg,Britvic Soft Drinks
78,Ceri,Jenks,National Account Manager,Britvic Soft Drinks,Britvic Soft Drinks
78,Joe,Major,National Account Manager,Carlsberg,Britvic Soft Drinks
78,Kenny,Monro,Senior Trading Manager,Britvic Soft Drinks,Britvic Soft Drinks
78,Jessica,Peach,Senior NAM,Molson Coors,Britvic Soft Drinks
78,David,Styring,Marketing Activation Manager,Molson Coors,Britvic Soft Drinks
78,Sam,Tam,Trading Controller,Britvic Soft Drinks,Britvic Soft Drinks
79,Stuart,Russell,Sector Head,Bank of Ireland,Bank of Ireland
79,David,Willis,Deputy Sector Head,Bank of Ireland,Bank of Ireland
79,Gerald,Chislett,National Account Manager,Hallgarten Druitt & Novum Wines,Hallgarten Druitt & Novum Wines
79,Howard,Corrigan,National Account Manager,Hallgarten Druitt & Novum Wines,Hallgarten Druitt & Novum Wines
79,Merrill,April,Partner,Memery Crystal,Memery Crystal
79,Victoria,Lowe,Partner,Memery Crystal,Memery Crystal
79,David,O'Dwyer,Partner,Memery Crystal,Memery Crystal
79,Jo ,Bruce,Associate,ShielPorter Communications,Shiel Porter
79,John,Porter,Director,ShielPorter Communications,Shiel Porter
80,Jeremy,Dunderdale,IT Director,TGI Friday's,Oracle
80,Sarah,Fletcher,"Senior Project Manager, Restaurants IS",Whitbread,Oracle
80,Neil,Gibson,EMEA IT Manager,Starbucks,Oracle
80,Kieran,Gallagher,Group Events and Catering Director,Arena Racing Company,Oracle
80,David,Radburn,CIO,Caffe Nero,Oracle
80,Torquil,Sligo-Young,Human and Information Resources Director,Young & Co. Brewery,Oracle
80,Mark,Spincer,Group Operations Director,Arena Racing Company,Oracle
80,Richard,Tallboy,IT Director,Wagamama,Oracle
80,Timothy,Lewis,Projects and Operations,Ballie Ballerson,Oracle
80,Phil,Vaughan,Group Programme Director,Merlin Entertainments,Oracle
81,Mark,Atkins,"Director of Sales, SMB Accounts",Oracle,Oracle
81,Ashleigh,Banks,People Coordinator,Ozone Coffee,Oracle
81,Russell,Brunning,Global IT Applications Director,Merlin Entertainments,Oracle
81,George,Bryan,Board Director,Drayton Manor,Oracle
81,Steve,Flanagan,CMO,TGI Friday's,Oracle
81,Mark,Gausden ,"Senior Director, Food and Beverage",Oracle,Oracle
81,Ralph,Marshall,VP Technology EMEA Starbucks,Starbucks,Oracle
81,Andy,McSherry,Head of IT,Drayton Manor,Oracle
81,Helene,Smart,"Director of Sales, Major Accounts",Oracle,Oracle
81,Charlie,Wager,"Director of Sales, Sports & Entertainment / Food Service",Oracle,Oracle
82,Ellie,Brown,Business Planning Consultant,Lucozade and Ribena Suntory,Lucozade and Ribena Suntory
82,Lee,Cannon,Category Development Manager,Lucozade and Ribena Suntory,Lucozade and Ribena Suntory
82,Tim,Guild,Commercial Business Manager,Lucozade and Ribena Suntory,Lucozade and Ribena Suntory
82,Laura,Iliffe,Brand Manager,Lucozade and Ribena Suntory,Lucozade and Ribena Suntory
82,Hannah,Norbury,Channel Director,Lucozade and Ribena Suntory,Lucozade and Ribena Suntory
82,John,Rumble,Head of Channel Marketing,Lucozade and Ribena Suntory,Lucozade and Ribena Suntory
82,Jason,Sennitt,Head of Merchants Heart,Lucozade and Ribena Suntory,Lucozade and Ribena Suntory
82,Michael,Smith,Commercial Business Manager,Lucozade and Ribena Suntory,Lucozade and Ribena Suntory
82,Andrea,Taylor,Commercial Business Manager,Lucozade and Ribena Suntory,Lucozade and Ribena Suntory
82,Lauren,Turner,Sales Operations Manager,Lucozade and Ribena Suntory,Lucozade and Ribena Suntory
82,Cara,Williams,On Trade Controller,Lucozade and Ribena Suntory,Lucozade and Ribena Suntory
83,Bob,Emms,Finance Director,Meantime Brewing Company,Meantime Brewing Company
83,Jon,Fuller,National Account Manager,Meantime Brewing Company,Meantime Brewing Company
83,Rob,Hacker,Commercial Manager,Meantime Brewing Company,Meantime Brewing Company
83,Harry,Pattison,National Account Manager,Meantime Brewing Company,Meantime Brewing Company
83,John,Tollfree,Sales Director,Meantime Brewing Company,Meantime Brewing Company
83,James,Anderson,Partner,Poppleston Allen,Poppleston Allen
83,Natasha,Beck,Solicitor,Poppleston Allen,Poppleston Allen
83,Hannah,Price,Associate,Poppleston Allen,Poppleston Allen
83,Lisa,Sharkey,Partner,Poppleston Allen,Poppleston Allen
83,Carl,Weston,Marketing & Business Development Manager,Poppleston Allen,Poppleston Allen
84,Mark ,Teed ,,Star Pubs ,Steelite International
84,Perry ,Huntley ,,Whitbread ,Steelite International
84,Mike ,Deakin ,,KCCJ,Steelite International
84,Colin ,Wheeler James ,,Sodexo ,Steelite International
84,Tony ,Cole ,,Bunzl,Steelite International
84,Trevor ,Reeve ,,TGI Friday's ,Steelite International
84,Sarah,Wheatley ,,TGI Friday's ,Steelite International
84,Guest,Guest,Guest,,Steelite International
84,Guest,Guest,Guest,,Steelite International
84,Guest,Guest,Guest,,Steelite International
85,Andrew,Ball,Partner,Haysmacintyre,Haysmacintyre
85,Gareth,Ogden,Partner,Haysmacintyre,Haysmacintyre
85,Mark,Shewring,Partner,Haysmacintyre,Haysmacintyre
85,Katy,Moses,Director,KAM Media,KAM Media
85,Jo,Charity,Director,Propel,Propel
85,Sharon,Dickinson,Commercial Director,Propel,Propel
85,Jill,Harrington,Partnerships Director,Propel,Propel
85,Stuart,Mclean,CEO,Zonal Retail Data Systems,Zonal Retail Data Systems
85,Clive,Consterdine,Sales & Marketing Director,Zonal Retail Data Systems,Zonal Retail Data Systems
85,Olivia,Fitzgerald,Managing Director,Zonal Marketing Technologies,Zonal Retail Data Systems
86,Nigel,Blair,Director,Fever Bars,Riviera Drinks
86,Rob,Darfi,National Sales Manager,Riviera Drinks,Riviera Drinks
86,Stuart,Davis,Director,Riviera Drinks,Riviera Drinks
86,Andy,Howe,Director,Riviera Drinks,Riviera Drinks
86,Matt,Howe,Regional Sales Manager,Riviera Drinks,Riviera Drinks
86,Steve,Kelly,Sales Director,Venus,Riviera Drinks
86,Paul,Kinsey,Director,Harewood Group,Riviera Drinks
86,Anthony,Kinsey,Operations Manager,Harewood Group,Riviera Drinks
86,Gordon,McClean,Director,Bridgegate Security,Riviera Drinks
86,Melissa,McMurdock,National Sales Manager,Eclectic Bars,Riviera Drinks
87,Carl,Goode,Product & Marketing Manager,BOC Sureserve,BOC Sureserve
87,Kerryn,Johnson,Business Manager,BOC Sureserve,BOC Sureserve
87,Guest,Guest,Guest,,BOC Sureserve
87,Kevin,McKenna,BDM,Brewfitt,Brewfitt
87,Curtis,Paxman,MD,Brewfitt,Brewfitt
87,Katie,Turner,BDM,Brewfitt,Brewfitt
87,Nigel,Halsey-Watson,Director,PLS Management,PLS Management
87,Eddie,Murphy,Director,PLS Management,PLS Management
87,Luke,Seymour,Recruitment,EI Group,PLS Management
88,Aaron,Mellor,Chief Executive,Tokyo Industries,Riviera Drinks
88,Lee,Nicolson,Managing Director,Eclectic Bars,Riviera Drinks
88,Dave,Probert,Head of Sales,Venus,Riviera Drinks
88,John,Smith,Finance Director,Brighton Pier Group,Riviera Drinks
88,Duncan,Squires,Marketing Director,Fever Bars,Riviera Drinks
88,Pete,Terry,Director,Disco Bars,Riviera Drinks
88,Steve,Thick,Managing Director,Rileys Sports Bars,Riviera Drinks
88,Mark,Tugan,Managing Director,Glee Comedy Clubs,Riviera Drinks
88,Kamal,Upreti,Operations Manager,Shoreditch Bar Group,Riviera Drinks
88,Andrew,Woods,Director,Woods Whur,Riviera Drinks
89,Rob,Bell,Commercial Controller - Convivality,AB InBev,AB InBev
89,Rob,Gordon,National Account Controller - ZXV Craft,AB InBev,AB InBev
89,Ben,Jordan,Senior Cat Manager,AB InBev,AB InBev
89,David,Marwick ,National Accounts,AB InBev,AB InBev
89,Rory,McLellan,Head UK On Trade,AB InBev,AB InBev
89,James,Morgan,National Accounts - High Street,AB InBev,AB InBev
89,Neil,Priestly ,National Accounts - Restaurants,AB InBev,AB InBev
89,Laura,Salway,"Commercial Controller - Managed, ON Trade",AB InBev,AB InBev
89,Rob,Symes,National Accounts - Transit and Hotels,AB InBev,AB InBev
89,Warren,White,National Accounts - M&B,AB InBev,AB InBev
90,Fiona,Cooke,Customer Activation Manager,Lucozade and Ribena Suntory,Lucozade and Ribena Suntory
90,Lucy,MacDonald,CP&A Manager,Lucozade and Ribena Suntory,Lucozade and Ribena Suntory
90,Harry,Neale,Customer Business Executive,Lucozade and Ribena Suntory,Lucozade and Ribena Suntory
90,Rachel,Olley,Finance Business Partner,Lucozade and Ribena Suntory,Lucozade and Ribena Suntory
90,Nick,Padgett,On Trade Consultant,Lucozade and Ribena Suntory,Lucozade and Ribena Suntory
90,Emmeline,Purcell,Brand Controller,Lucozade and Ribena Suntory,Lucozade and Ribena Suntory
90,Mark,Sterratt,MS&P Director,Lucozade and Ribena Suntory,Lucozade and Ribena Suntory
90,Lee,Wharton,Customer Business Manager,Lucozade and Ribena Suntory,Lucozade and Ribena Suntory
90,Michael,Workman,Senior Customer Business Manager,Lucozade and Ribena Suntory,Lucozade and Ribena Suntory
91,Julian,Adcock,Director of National Sales ,Bibendum Wines,Bibendum Wines
91,Zach ,Emmett,Director of Sales,Bibendum Wines,Bibendum Wines
91,Jamie ,Ford,National Account Manager,Bibendum Wines,Bibendum Wines
91,Pete,Franks,National Account Manager,Bibendum Wines,Bibendum Wines
91,John ,Graves,On Trade Channel Director,Bibendum Wines,Bibendum Wines
91,Nick ,Mckenzie,National Account Manager,Bibendum Wines,Bibendum Wines
91,Mark ,Riley,Managing Director,Bibendum Wines,Bibendum Wines
91,Ants ,Rixon,Director of Regional Sales,Bibendum Wines,Bibendum Wines
91,James,Stoddard,Business Channel Director,Bibendum Wines,Bibendum Wines
91,Sam ,Thackeray,Director of National Sales,Bibendum Wines,Bibendum Wines
92,Marcus,Bewley,Category Manager,Greene King Pub Partners,Vimto
92,Ed,Jones ,Marketing Manager,Vimto,Vimto
92,Derek,Lee,National Accounts Controller,Vimto,Vimto
92,Alan,Maunder,National Account Manager,Vimto,Vimto
92,Sarah,McLellend,National Account Manager,Vimto,Vimto
92,James,Nichols,Sales Controller,Vimto,Vimto
92,Tim,Nunnerly,Sales Controller,Vimto,Vimto
92,Derek,Smart,National Account Manager,Vimto,Vimto
92,Andrew,Wilson,Field Sales Controller,Vimto,Vimto
92,Nick ,Yates,Sales Director,Vimto,Vimto
93,Jim,Baker,Managing Director,James A Baker,James A Baker
93,Nick,Bradshaw,Destination Pubs Estate Manager,Greene King Pub Partners,James A Baker
93,Craig,Buchanan,Estates Divisional Manager,Greene King Pub Partners,James A Baker
93,Andrew,Dixon,Licensed Trade Valuer,Ei Group,James A Baker
93,James,Doran,Head of Estates,Wagamama,James A Baker
93,John,Gilbert,Head of Estates,Star Pubs & Bars,James A Baker
93,Tony,Hodgson,Retail Estate Manager,Greene King Pub Partners,James A Baker
93,James,Peet,Senior Associate Director,James A Baker,James A Baker
93,Richard,Smith,Estates Divisional Manager – Acquisitions & Destination Pubs,Greene King Pub Partners,James A Baker
93,George,Walker,Director,James A Baker,James A Baker
94,Alicia,Duncan ,General Manager,Coronet Theatre,Coronet Theatre
94,Sam,Porter,General Manager,Coronet Theatre,Coronet Theatre
94,Littman,Richard,Director,Coronet Theatre,Coronet Theatre
94,David,McDonald,Director,Glycol Cooling Systems,Glycol Cooling Systems
94,Paul,Day,Director,Golden Lion Group,Golden Lion Group
94,Michelle,Hazlewood,Partner,John Gaunt & Partners,John Gaunt & Partners
94,Chris,Grunert,Partner,John Gaunt & Partners,John Gaunt & Partners
94,Guest,Guest,Guest,,William Grant & Sons
94,Guest,Guest,Guest,,William Grant & Sons
94,Guest,Guest,Guest,,William Grant & Sons
95,Dean,Hutton,Director,Mighty Local Pub Co,Mighty Local Pub Co
95,Darral,Proctor,,Mighty Local Pub Co,Mighty Local Pub Co
95,Claire,Sapsed,Director,C2 Pubs,Mighty Local Pub Co
95,Louise,Watson,Administrator,Mighty Local Pub Co,Mighty Local Pub Co
95,Marvin,Henshaw,Managing Director,Premium Beverages,Premium Beverages
95,Simon,Martin,Managing Director,Quickfire Tableware,Premium Beverages
95,Phil,Priest,National Account Manager,Aston Manor Cider,Premium Beverages
95,Jamie,Reilly,Key Account Manager,Premium Beverages,Premium Beverages
95,Mo,Syed ,Sales & Marketing Director,Thornbridge Brewery,Premium Beverages
95,Simon,Webster,CEO,Thornbridge Brewery,Premium Beverages
96,Guest,Guest,Guest,,Harrison
96,Guest,Guest,Guest,,Harrison
96,Guest,Guest,Guest,,Harrison
96,Phillip,Lay,Director,PHL Ventures,PHL Ventures
96,Kate,Hempsall,Director,Kate Hempsall PR,Shiel Porter
96,Ros,Shiel,Director,ShielPorter Communications,Shiel Porter
96,Ashley,Hall,Specalist Wholesale,Wisehead Productions,Wisehead
96,Zara,Hinds,Commercial Director,Wisehead Productions,Wisehead
97,Ann,Elliott ,CEO,Elliotts Agency,Elliotts Agency
97,Kevin ,Greene,International Product Manager,CBE Software,Elliotts Agency
97,Lorna ,Kimberley,Head of Marketing,Mizkan Europe,Elliotts Agency
97,Philipp,Laqu&eacute;,Managing Director,Revenue Management Solutions,Elliotts Agency
97,Thomas,Makey,Investment Manager,Livingbridge Services,Elliotts Agency
97,Seamus ,McHugh,International Sales and Marketing Manager,CBE Software,Elliotts Agency
97,Ashley,Sheppard,Sales & Marketing Director ,Call Systems Technology,Elliotts Agency
97,Susie ,Stanford,Investment Manager,Livingbridge Services,Elliotts Agency
97,Sally,Whelan,Director ,HGEM,Elliotts Agency
97,Jana ,Zschieschang,CMO,Revenue Management Solutions,Elliotts Agency
98,Conor,Hughes,Customer Experience Manager,Casual Dining Group,Casual Dining Group
98,Jo,Kerby,PA and Communications Manager,Casual Dining Group,Casual Dining Group
98,Charly,Phillips,Guest Experience Executive,Casual Dining Group,Casual Dining Group
98,Sam,Phillips,,Casual Dining Group,Casual Dining Group
98,Dan,Pratt,Guest Experience Manager,Casual Dining Group,Casual Dining Group
98,Richard,Pryor,Head of F and B,Casual Dining Group,Casual Dining Group
98,Liz,Robson,PA and Office Manager,Casual Dining Group,Casual Dining Group
98,Mark,Sexton,Supply Chain Manager,Casual Dining Group,Casual Dining Group
98,Mos,Shamel,MD Las Iguanas,Casual Dining Group,Casual Dining Group
98,Simon,Wilkinson,MD Strategic Opportunities,Casual Dining Group,Casual Dining Group
99,Lisa,Gibbons,Senior Area Manager,Casual Dining Group,Casual Dining Group
99,David,Giles,Chief Financial Officer,Casual Dining Group,Casual Dining Group
99,Tom,Henry,Finance Director,Casual Dining Group,Casual Dining Group
99,Gareth,Lock,Chief Operating Officer Café Rouge,Casual Dining Group,Casual Dining Group
99,David,Lodge,Development and Property Director,Casual Dining Group,Casual Dining Group
99,Steve,Neudegg,Finance Director,Casual Dining Group,Casual Dining Group
99,Celia,Pronto,Chief Communications Officer,Casual Dining Group,Casual Dining Group
99,Jennifer,Read,Commercial Finance Manager,Casual Dining Group,Casual Dining Group
99,Andy,Smithard,Marketing & Sales Manager Las Iguanas,Casual Dining Group,Casual Dining Group
99,James,Spragg,Chief Operating Officer,Casual Dining Group,Casual Dining Group
100,Kate,Nicholls,CEO,ALMR,ALMR
100,Bob,Ivell,Non Exec Chairman,Mitchells & Butlers,VIP ALMR
100,Peter ,Martin,Vice President ,CGA,VIP ALMR
100,Liam ,McCloy,Director,Fleishman Hillard,VIP ALMR
100,Mark,McQuater,,,VIP ALMR
100,Ian ,Neill,Chairman,K10 Restaurants,VIP ALMR
100,Steve,Richards,Chief Executive,Casual Dining Group,VIP ALMR
100,Robin ,Rowland,Executive Chairman,YO! Sushi,VIP ALMR
100,Damian,Walsh,,CGA,VIP ALMR
100,Ian,Wright,Director General,Food & Drink Federation,VIP ALMR
101,Joanna,Bourke,,Evening Standard,ALMR
101,Tony,Sophoclides,Director of Comms,ALMR,ALMR
101,James,Stagg,,The Caterer,ALMR
101,Dominic,Walsh,,The Times,ALMR
101,Frank ,Bandura,CFO,Gaucho Group,VIP ALMR
101,Paul,Charity,Director,Propel,VIP ALMR
101,Jon,Hendry-Pickup,,Prezzo,VIP ALMR
101,Luke,Johnson,,Risk Capital Partners,VIP ALMR
101,Mark,Stretton,MD,Fleet Street Communications,VIP ALMR
101,James,Wallin,,MCA Insight ,VIP ALMR
102,David,Campbell,Partner,KPMG,KPMG
102,Simon,French,,Cenkos,KPMG
102,Will,Hawkley,Global Head of Leisure and Hospitality ,KPMG,KPMG
102,Simon,Haydn Jones,Partner,KPMG,KPMG
102,Tim,Jones,,Mitchells & Butlers,KPMG
102,Rhys,Oldfield,Director,Be at One,KPMG
102,Susan,Martindale,,Mitchells & Butlers,KPMG
102,Toby,Rolph,CFO,Be at One,KPMG
102,Dave,Ross,,Stonegate Pub Company,KPMG
102,Richard,Smothers,,Greene King Pub Partners,KPMG
103,Coralie,Andrea,Membership Accounts Mgr,BII,BII
103,Louise,Chalmers,Membership Services Mgr,BII,BII
103,Mike,Clist,CEO,BII,BII
103,Molly,Davis,Marketing & Communications Executive,BII,BII
103,Rebekah,Day,Marketing & Communications Asst,BII,BII
103,Guest,Guest,Guest,,BII
103,Fiona,Moran,Pub Governing Body Administrator,BII,BII
103,Anthony,Pender,Chairman,Yummy Pub Co,BII
103,Allen,Sue,Commercial & Membership Director,BII,BII
103,Natalie,Wickham,Commercial Manager,BII,BII
104,Laura,Bird,Senior Commercial Manager,BT,BT
104,Emma,Causer,"Group Sales Director, BT Sport",BT,BT
104,Alasdair,Collis,GM: BT Sport - Commercial Markets,BT,BT
104,Bruce,Cuthbert,Director Commercial Customers,BT,BT
104,Jeremy,Fess,"Senior Commercial Sales Manager, BT Sport",BT,BT
104,Rob,Ireland,Commercial Account Director - BT Sport,BT,BT
104,Mel,Munday,"Commercial Account Director, BT Sport",BT,BT
104,Joe,Stock,Commercial Account Director - BT Sport,BT,BT
104,Nick,Van Wensveen,Product Manager: BT Sport Commercial,BT,BT
104,Sam,Willis,"Senior Commercial Manager, BT Sport",BT,BT
106,Sam,Agar,National Account Manager,Coca Cola Enterprises,Coca Cola Enterprises
106,Tim,Baker,Senior Manager Delivered Wholesale,Coca Cola Enterprises,Coca Cola Enterprises
106,Pippa,Collins,National Account Manager,Coca Cola Enterprises,Coca Cola Enterprises
106,Denis,Elavia,National Account Manager,Coca Cola Enterprises,Coca Cola Enterprises
106,Allin,Ellie,National Account Manager,Coca Cola Enterprises,Coca Cola Enterprises
106,Alice,Gheissari,Digital National Account Manager,Coca Cola Enterprises,Coca Cola Enterprises
106,Jo,Ginn,Sales Support Manager,Coca Cola Enterprises,Coca Cola Enterprises
106,Bruce,Simpson,National Account Manager,Coca Cola Enterprises,Coca Cola Enterprises
106,Kate,Taylor,National Account Manager,Coca Cola Enterprises,Coca Cola Enterprises
106,Paula,Turnbull,On Premise Accounts,Coca Cola Enterprises,Coca Cola Enterprises
107,Liam,Grosso,Professional,Coca Cola Enterprises,Coca Cola Enterprises
107,Pat,Humphries,Senior Manager,Coca Cola Enterprises,Coca Cola Enterprises
107,James,Moore,National Account Manager,Coca Cola Enterprises,Coca Cola Enterprises
107,Paul,Morgan,National Account Manager,Coca Cola Enterprises,Coca Cola Enterprises
107,James,Ralph,National Account Manager,Coca Cola Enterprises,Coca Cola Enterprises
107,Peter,Raybould,National Account Manager,Coca Cola Enterprises,Coca Cola Enterprises
107,Paul,Robertson,Associate Director,Coca Cola Enterprises,Coca Cola Enterprises
107,Laura,Rose,National Account Manager,Coca Cola Enterprises,Coca Cola Enterprises
107,Denise,Starforth,Senior Manager,Coca Cola Enterprises,Coca Cola Enterprises
107,Scott,Woolley,National Account Manager,Coca Cola Enterprises,Coca Cola Enterprises
108,Karen,Andrews,National Account Manager,Coca Cola Enterprises,Coca Cola Enterprises
108,Tom,Copeland,Professional,Coca Cola Enterprises,Coca Cola Enterprises
108,Kate,Harding,National Account Manager,Coca Cola Enterprises,Coca Cola Enterprises
108,Debbie,Hepburn,Professional,Coca Cola Enterprises,Coca Cola Enterprises
108,Neil,Quinn,National Account Manager,Coca Cola Enterprises,Coca Cola Enterprises
108,Leivadaras,Spyros,Finance Manager,Coca Cola Enterprises,Coca Cola Enterprises
108,Alison,Steele,RGM,Coca Cola Enterprises,Coca Cola Enterprises
108,Paul,Taverner,Professional,Coca Cola Enterprises,Coca Cola Enterprises
108,Georgina,Thornton,Category Planning Manager,Coca Cola Enterprises,Coca Cola Enterprises
108,Stephan ,Warnham,Professional,Coca Cola Enterprises,Coca Cola Enterprises
109,Peter ,Rigby,Commercial Controller,AG Barr,AG Barr
109,Ed,Bedington,,Morning Advertiser,ALMR
109,Robyn,Black,Editor,Inapub,ALMR
109,Rupert,Culme-Semour,COO,ALMR,ALMR
109,Charlie ,Whitting,Group Editor,Pub & Bar,ALMR
109,Mike ,Benner,Chief Executive,SIBA,VIP ALMR
109,Mike ,Berry,Head of Content,Fleet Street Communications,VIP ALMR
109,Mark,Blythman,Strategy and Comms Director,Greene King Pub Partners,VIP ALMR
109,James ,Brewster,Chief Executive,Licensed Trade Charity,VIP ALMR
109,Shaun,Goode,,The ALMR,VIP ALMR
109,Paul ,Hegarty,Hon Secretary,APPBG,VIP ALMR
109,Paul,Jeffries,,Bugle Communications,VIP ALMR
110,Chris,Banks,PR Executive,ALMR,ALMR
110,Alys,Keys,,City AM,ALMR
110,David,Sheen,Director of Policy and Research,ALMR,ALMR
110,Mark,Wingett,,MCA Insight ,ALMR
110,Tim ,Brooke Webb,Publisher,Morning Advertiser,VIP ALMR
110,Rupert,Clevely ,Director,Hippos Inns,VIP ALMR
110,Jo,Clevely ,Director,Hippos Inns,VIP ALMR
111,Maria,Bob,Finance Director,ALMR,ALMR
111,Lina,Olea,Membership & Marketing Manager,ALMR,ALMR
111,Steve,Beham,National Account Manager,Duvel Moortgat,Global Brands
111,Robert,Hilton,Head of On Trade & RTM,Grupo Freixenet,Global Brands
111,Claire,Pennington,National Account Manager,Grupo Freixenet,Global Brands
111,John,Wood,Managing Director,Duvel Moortgat,Global Brands
111,Jackie,Burn,HR Director,Punch Taverns,Limegreen Communications
111,Jo,Mathers,Managing Director,Limegreen Communications ,Limegreen Communications
111,Jo,Navin,Head of Comms,Punch Taverns,Limegreen Communications
111,Sarah,Perrins,Managing Director,Limegreen Communications ,Limegreen Communications
112,Peter,Bacon ,Head of Marketing,Eclectic Bars,Catalyst
112,Izzie,Carter,Beverages and Services Buyer,TGI Friday's,Catalyst
112,James ,Denman,F&B Development Manager,Genting Casinos,Catalyst
112,Shaun,Elder ,On Trade Sales Director,Catalyst,Catalyst
112,Marie,Flowers,National Account Controller,Catalyst,Catalyst
112,Sophie ,Green,National Account Controller,Catalyst,Catalyst
112,James ,Lousada,Managing Director,Conviviality Trading,Catalyst
112,John,Osbourne,Commerical Director,Catalyst,Catalyst
112,Nicola,Romeo,Head of Procurement and Marketing,Deltic Group,Catalyst
112,Hazel,Tyrell,Head of Operations Excellence,Stonegate Pub Company,Catalyst
113,Sophie,Bolton,Office and Events Administrator,ALMR,ALMR
113,Melody,Cheung,Marketing,Support Tree,Support Tree
113,James,Carson,Director,Support Tree,Support Tree
113,Warren,Colquitt,Finance Director,Dirty Martini,Support Tree
113,Jonny,Fox,IT Director,Gaucho ,Support Tree
113,Stephen,Powell,,Acteol,Wireless Social
113,Julian,Ross,CEO,Wireless Social,Wireless Social
